{"hyperparameters":{"tolerance":0.0001,"max_n_iterations":300,"n_clusters":100},"centroids":{"v":1,"dim":[100,2],"data":[95.01942669848256,-36.880744690573984,-54.48824637931659,-45.25649441520354,-40.87078589328716,-64.30360159334839,7.759599914568227,-65.75229192970365,-55.939353248195104,-9.812386681012072,29.69298183667206,-66.40825097837876,-94.11013850718915,89.2240702122144,49.02845796442898,69.73773311134858,-5.730460776584451,-69.11082068580777,33.63643930872436,-50.90573849277482,-89.1741744377621,-40.35186460418818,9.86077547268303,43.2261797655423,29.498869997763762,-93.40126310569796,32.259234334631174,13.850018276600466,-25.79922432701798,41.20184836349517,6.916315591855593,25.241505793509006,88.87334045035752,-8.59777404038904,78.08445844317197,-63.0636851300864,20.12981005368121,-84.04966090267436,-80.80349781758346,-11.321761071320807,16.49341617495365,-34.028086237489404,60.10687962145448,-94.61508666838637,-99.35140188705915,-11.645546561327706,-75.71053542463919,-41.918621180977226,-67.33018282551666,80.01780819285997,63.01946021646185,-75.3997606673328,-71.31059009003104,-58.909265972232916,-45.185681029611445,-75.90534689641832,54.32255534189005,26.047424502407196,-56.87401496765094,14.761883013744807,-2.2189299626494687,9.183929735670887,-93.55729250109412,-37.92158260243128,-5.936366615184241,-46.575599212615515,88.83676804744053,-28.516645655501137,-56.70259516503737,0.48484849116942996,-42.87922898405192,-26.36535053363103,-12.283997632558211,89.38355210913579,37.76183677059217,64.53121920054255,-6.919675076255814,-5.585565607928132,39.214942463116245,6.786837690969932,33.24402005796733,3.9515038361991515,61.72205398113664,-61.41769204272261,-60.248671621416335,-62.5544507136254,-38.3024512522955,75.23100776746224,-87.86712399728374,31.93509470653595,-37.107411304387796,19.80011689474796,77.72427078630656,-57.23892921519011,-92.89403572992296,-83.38816451531028,-48.90870107041741,-81.06930256204099,-27.26341109515782,-37.460188076104295,28.765591534174007,-53.92932997542972,-73.2098333843382,78.97663761231786,20.648619481554363,-19.512848849227908,15.311168890314349,39.66643596264191,15.930085772787976,72.44012035300909,-68.31324266560861,-60.431850435051125,65.61078083970767,-69.7902264629148,12.734123267838584,98.37708596930045,14.38988207436833,68.85243573113632,74.56579452100601,-14.719999761258634,85.09098356269965,78.81744112618256,-92.6768387779795,71.91500933367169,-3.755374791715397,45.17125332756956,-28.4612852201938,58.35008305350988,-21.662561419296324,-93.60695856242067,-21.00678815426113,92.42213382475035,-30.97767806546466,96.50630096151477,-25.932763674898894,-13.069610062795164,58.8794888832401,88.83313208562126,-24.13750884112163,40.14353307567964,-85.68900981821437,-10.111090785509674,79.81726698947469,-18.985865535526344,47.61159604526574,95.85751579730334,1.842152022218798,-69.98640312011833,25.493800414252547,85.5392956727139,60.65043492851268,-94.40251387039056,-70.93428534436171,-14.709505537277764,-19.824772550736512,-66.39157310369264,93.15621863994735,-63.3851706807953,53.75617590581996,-98.37655331989276,96.90727136499416,-96.6462851118163,66.72500024589101,-35.22848988223922,-39.91947736595192,75.36375124842235,37.96247672689742,21.709784332410905,-82.43981413150819,73.75669259684759,38.77431837219456,-13.809023558899057,-10.197985696842565,-3.071610934233334,-50.405542553552564,-87.41574475219407,21.716638250263244,-85.90141179613448,-28.614546590504503,98.39315299921725,-46.99769621437922,-37.506488895734336,-94.13298399803298,-9.005053493990715,-37.48103071897848,34.00121703169586,-90.46125610203953,-12.542120836384868,-13.116390038237881,-48.990951478227494,86.73685202272856,62.07372511321063,84.77286537399894,-30.293707996257965,-55.81373799427865,-43.74631518228234,13.614859003179447,-54.3832892464875,-7.651680116225236,98.23365821757028]}}